{
  "timestamp": "2026-05-19T03:41:26.798Z",
  "environment": {
    "runtime": "Bun 1.3.13",
    "browser": "headless Chrome (Playwright chromium)",
    "warmup": 5,
    "iterations": 10
  },
  "frameworks": {
    "scrml": {
      "create-1000": {
        "median": 25.94999998807907,
        "mean": 26.42000002861023,
        "p95": 31.800000071525574,
        "min": 24,
        "max": 31.800000071525574
      },
      "replace-1000": {
        "median": 26.350000023841858,
        "mean": 27.690000009536742,
        "p95": 34,
        "min": 25.600000023841858,
        "max": 34
      },
      "partial-update": {
        "median": 1,
        "mean": 0.9600000023841858,
        "p95": 1.2000000476837158,
        "min": 0.6000000238418579,
        "max": 1.2000000476837158
      },
      "delete-every-10th": {
        "median": 2.549999952316284,
        "mean": 2.5699999809265135,
        "p95": 2.899999976158142,
        "min": 2,
        "max": 2.899999976158142
      },
      "clear-all": {
        "median": 3.649999976158142,
        "mean": 3.560000002384186,
        "p95": 4,
        "min": 2.899999976158142,
        "max": 4
      },
      "select-row": {
        "median": 0.30000001192092896,
        "mean": 0.31000003814697263,
        "p95": 0.40000009536743164,
        "min": 0.20000004768371582,
        "max": 0.40000009536743164
      },
      "swap-rows": {
        "median": 2.199999988079071,
        "mean": 2.1399999856948853,
        "p95": 2.799999952316284,
        "min": 1.2999999523162842,
        "max": 2.799999952316284
      },
      "remove-row": {
        "median": 2.2500000596046448,
        "mean": 2.1700000405311584,
        "p95": 2.5,
        "min": 1.399999976158142,
        "max": 2.5
      },
      "create-10000": {
        "median": 279.1999999284744,
        "mean": 277.4199999809265,
        "p95": 282.89999997615814,
        "min": 271.5,
        "max": 282.89999997615814
      },
      "append-1000": {
        "median": 27.55000001192093,
        "mean": 28.1,
        "p95": 31.09999990463257,
        "min": 26,
        "max": 31.09999990463257
      }
    },
    "React 19": {
      "create-1000": {
        "median": 26.500000059604645,
        "mean": 26.75,
        "p95": 31.100000023841858,
        "min": 24.399999976158142,
        "max": 31.100000023841858
      },
      "replace-1000": {
        "median": 25.099999964237213,
        "mean": 25.22999999523163,
        "p95": 26.200000047683716,
        "min": 24.5,
        "max": 26.200000047683716
      },
      "partial-update": {
        "median": 4.650000035762787,
        "mean": 4.780000007152557,
        "p95": 5.899999976158142,
        "min": 4,
        "max": 5.899999976158142
      },
      "delete-every-10th": {
        "median": 4.950000047683716,
        "mean": 5.089999985694885,
        "p95": 6.800000071525574,
        "min": 3.600000023841858,
        "max": 6.800000071525574
      },
      "clear-all": {
        "median": 3.649999976158142,
        "mean": 3.5199999809265137,
        "p95": 4.5,
        "min": 2.5,
        "max": 4.5
      },
      "select-row": {
        "median": 0.6000000238418579,
        "mean": 0.5999999880790711,
        "p95": 0.7000000476837158,
        "min": 0.2999999523162842,
        "max": 0.7000000476837158
      },
      "swap-rows": {
        "median": 20.300000071525574,
        "mean": 20.70000002384186,
        "p95": 23.200000047683716,
        "min": 19.700000047683716,
        "max": 23.200000047683716
      },
      "remove-row": {
        "median": 4.25,
        "mean": 4.149999976158142,
        "p95": 6.100000023841858,
        "min": 2.899999976158142,
        "max": 6.100000023841858
      },
      "create-10000": {
        "median": 251,
        "mean": 251.24000000953674,
        "p95": 272.8000000715256,
        "min": 236,
        "max": 272.8000000715256
      },
      "append-1000": {
        "median": 26.349999964237213,
        "mean": 26.289999985694884,
        "p95": 28.799999952316284,
        "min": 24,
        "max": 28.799999952316284
      }
    },
    "Svelte 5": {
      "create-1000": {
        "median": 38.05000001192093,
        "mean": 38.929999995231626,
        "p95": 43,
        "min": 37.300000071525574,
        "max": 43
      },
      "replace-1000": {
        "median": 38.5,
        "mean": 38.78999997377396,
        "p95": 43.199999928474426,
        "min": 35.199999928474426,
        "max": 43.199999928474426
      },
      "partial-update": {
        "median": 4.100000023841858,
        "mean": 4.110000014305115,
        "p95": 5,
        "min": 3.399999976158142,
        "max": 5
      },
      "delete-every-10th": {
        "median": 3.450000047683716,
        "mean": 3.500000023841858,
        "p95": 4.300000071525574,
        "min": 2.700000047683716,
        "max": 4.300000071525574
      },
      "clear-all": {
        "median": 3.25,
        "mean": 3.0300000309944153,
        "p95": 3.8000000715255737,
        "min": 2.100000023841858,
        "max": 3.8000000715255737
      },
      "select-row": {
        "median": 0,
        "mean": 0.02999999523162842,
        "p95": 0.10000002384185791,
        "min": 0,
        "max": 0.10000002384185791
      },
      "swap-rows": {
        "median": 3.549999952316284,
        "mean": 3.269999992847443,
        "p95": 3.899999976158142,
        "min": 1.7999999523162842,
        "max": 3.899999976158142
      },
      "remove-row": {
        "median": 3.349999964237213,
        "mean": 3.3999999880790712,
        "p95": 5.699999928474426,
        "min": 2.1999999284744263,
        "max": 5.699999928474426
      },
      "create-10000": {
        "median": 466,
        "mean": 488.8,
        "p95": 542.7000000476837,
        "min": 451.6999999284744,
        "max": 542.7000000476837
      },
      "append-1000": {
        "median": 45.64999997615814,
        "mean": 45.07999999523163,
        "p95": 47.39999997615814,
        "min": 42.60000002384186,
        "max": 47.39999997615814
      }
    },
    "Vue 3": {
      "create-1000": {
        "median": 30,
        "mean": 30.260000002384185,
        "p95": 33.199999928474426,
        "min": 27.5,
        "max": 33.199999928474426
      },
      "replace-1000": {
        "median": 28.300000071525574,
        "mean": 28.460000038146973,
        "p95": 29.5,
        "min": 27.40000009536743,
        "max": 29.5
      },
      "partial-update": {
        "median": 11.199999988079071,
        "mean": 11.169999992847442,
        "p95": 12.399999976158142,
        "min": 9.099999904632568,
        "max": 12.399999976158142
      },
      "delete-every-10th": {
        "median": 7.899999976158142,
        "mean": 7.899999976158142,
        "p95": 10.5,
        "min": 6.899999976158142,
        "max": 10.5
      },
      "clear-all": {
        "median": 3.800000011920929,
        "mean": 3.85,
        "p95": 5.199999928474426,
        "min": 2.5,
        "max": 5.199999928474426
      },
      "select-row": {
        "median": 0,
        "mean": 0.03999999761581421,
        "p95": 0.10000002384185791,
        "min": 0,
        "max": 0.10000002384185791
      },
      "swap-rows": {
        "median": 7.800000071525574,
        "mean": 7.75,
        "p95": 8.5,
        "min": 6.699999928474426,
        "max": 8.5
      },
      "remove-row": {
        "median": 7.800000011920929,
        "mean": 7.780000007152557,
        "p95": 8.5,
        "min": 7,
        "max": 8.5
      },
      "create-10000": {
        "median": 296.10000002384186,
        "mean": 300.02000000476835,
        "p95": 320.60000002384186,
        "min": 290.39999997615814,
        "max": 320.60000002384186
      },
      "append-1000": {
        "median": 35.199999928474426,
        "mean": 35.269999980926514,
        "p95": 38.60000002384186,
        "min": 32.799999952316284,
        "max": 38.60000002384186
      }
    },