{
  "timestamp": "2026-05-19T02:51:43.933Z",
  "environment": {
    "runtime": "Bun 1.3.13",
    "dom": "happy-dom"
  },
  "frameworks": {
    "scrml": {
      "initial-render": {
        "median": 2.819821999999995,
        "mean": 2.7543593999999985,
        "p95": 3.1302380000000056,
        "min": 2.319784999999996,
        "max": 3.1302380000000056
      },
      "create-1000": {
        "median": 52.74114,
        "mean": 53.39089490000001,
        "p95": 58.60657100000003,
        "min": 48.19677200000001,
        "max": 58.60657100000003
      },
      "replace-1000": {
        "median": 59.65109349999989,
        "mean": 63.7407487,
        "p95": 105.72663199999988,
        "min": 54.97628499999996,
        "max": 105.72663199999988
      },
      "partial-update": {
        "median": 2.2840789999997924,
        "mean": 2.3312312999999447,
        "p95": 3.33237999999983,
        "min": 1.8287199999999757,
        "max": 3.33237999999983
      },
      "delete-every-10th": {
        "median": 3.6530790000001616,
        "mean": 3.929810700000144,
        "p95": 5.192197999999735,
        "min": 3.521516999999676,
        "max": 5.192197999999735
      },
      "clear-all": {
        "median": 8.534425000000283,
        "mean": 8.547834000000057,
        "p95": 9.106127999999444,
        "min": 7.877150999999685,
        "max": 9.106127999999444
      },
      "select-row": {
        "median": 0.11976049999975658,
        "mean": 0.12209539999994376,
        "p95": 0.150883000000249,
        "min": 0.09344899999996414,
        "max": 0.150883000000249
      },
      "swap-rows": {
        "median": 3.5936829999996007,
        "mean": 3.845742099999916,
        "p95": 6.014691999999741,
        "min": 3.139317000000119,
        "max": 6.014691999999741
      },
      "remove-row": {
        "median": 4.826655000000301,
        "mean": 4.603089300000102,
        "p95": 5.806543999999121,
        "min": 3.199155000000246,
        "max": 5.806543999999121
      },
      "create-10000": {
        "median": 553.1379120000001,
        "mean": 555.0100068000004,
        "p95": 570.0131380000003,
        "min": 532.7030840000007,
        "max": 570.0131380000003
      },
      "append-1000": {
        "median": 67.13714549999986,
        "mean": 73.45327659999984,
        "p95": 125.27809999999954,
        "min": 65.65361900000062,
        "max": 125.27809999999954
      }
    },
    "React 19": {
      "initial-render": {
        "median": 0.9030970000000025,
        "mean": 0.8678552000000025,
        "p95": 1.1250009999999975,
        "min": 0.5796720000000164,
        "max": 1.1250009999999975
      },
      "create-1000": {
        "median": 66.66352499999999,
        "mean": 65.2644104,
        "p95": 67.74533699999995,
        "min": 61.69793900000002,
        "max": 67.74533699999995
      },
      "replace-1000": {
        "median": 52.92900200000008,
        "mean": 55.34959799999999,
        "p95": 66.63383999999996,
        "min": 46.94763899999998,
        "max": 66.63383999999996
      },
      "partial-update": {
        "median": 23.17692599999964,
        "mean": 24.347608599999965,
        "p95": 28.09581400000002,
        "min": 20.78869899999995,
        "max": 28.09581400000002
      },
      "delete-every-10th": {
        "median": 21.7733589999998,
        "mean": 21.4196891999999,
        "p95": 25.834526000000096,
        "min": 17.043143999999756,
        "max": 25.834526000000096
      },
      "clear-all": {
        "median": 4.578144000000066,
        "mean": 4.629719399999885,
        "p95": 5.300185000000056,
        "min": 4.228354999999738,
        "max": 5.300185000000056
      },
      "select-row": {
        "median": 3.962011000000075,
        "mean": 5.052669799999967,
        "p95": 8.021065999999792,
        "min": 3.426311000000169,
        "max": 8.021065999999792
      },
      "swap-rows": {
        "median": 31.377441999999974,
        "mean": 31.09994060000008,
        "p95": 35.58932100000038,
        "min": 28.177728000000116,
        "max": 35.58932100000038
      },
      "remove-row": {
        "median": 22.15643799999998,
        "mean": 23.034840200000144,
        "p95": 25.605811000000358,
        "min": 20.937794000000395,
        "max": 25.605811000000358
      },
      "create-10000": {
        "median": 473.0396840000003,
        "mean": 477.9772293333335,
        "p95": 501.29535699999997,
        "min": 459.5966470000003,
        "max": 501.29535699999997
      },
      "append-1000": {
        "median": 59.46663500000068,
        "mean": 60.99654920000012,
        "p95": 65.92142899999999,
        "min": 58.28722199999993,
        "max": 65.92142899999999
      }
    },
    "Svelte 5": {
      "initial-render": {
        "median": 0.8945480000000003,
        "mean": 0.831629000000001,
        "p95": 1.0676330000000007,
        "min": 0.6305049999999994,
        "max": 1.0676330000000007
      },
      "create-1000": {
        "median": 25.513774000000012,
        "mean": 27.0504434,
        "p95": 30.043855999999977,
        "min": 25.269603000000018,
        "max": 30.043855999999977
      },
      "replace-1000": {
        "median": 30.665928000000008,
        "mean": 33.14495939999999,
        "p95": 38.34785099999999,
        "min": 28.044624,
        "max": 38.34785099999999
      },
      "partial-update": {
        "median": 13.804540000000088,
        "mean": 15.206863799999974,
        "p95": 20.361820999999964,
        "min": 12.01159199999995,
        "max": 20.361820999999964
      },
      "delete-every-10th": {
        "median": 11.172291000000087,
        "mean": 11.124079800000027,
        "p95": 11.83436400000005,
        "min": 10.487161999999898,
        "max": 11.83436400000005
      },
      "clear-all": {
        "median": 6.243521000000101,
        "mean": 6.565330400000039,
        "p95": 8.65008899999998,
        "min": 5.4781829999999445,
        "max": 8.65008899999998
      },
      "select-row": {
        "median": 0.04277100000012979,
        "mean": 0.042464200000040364,
        "p95": 0.05148400000007314,
        "min": 0.03237999999987551,
        "max": 0.05148400000007314
      },
      "swap-rows": {
        "median": 18.49210800000037,
        "mean": 18.55112700000018,
        "p95": 19.774385000000166,
        "min": 16.996822000000066,
        "max": 19.774385000000166
      },
      "remove-row": {
        "median": 10.486862000000201,
        "mean": 10.664187800000127,
        "p95": 12.075937999999951,
        "min": 9.872475000000122,
        "max": 12.075937999999951
      },
      "create-10000": {
        "median": 248.64382100000012,
        "mean": 244.4032893333333,
        "p95": 284.42172600000004,
        "min": 200.14432099999976,
        "max": 284.42172600000004
      },
      "append-1000": {
        "median": 38.48814499999935,
        "mean": 39.70582380000015,
        "p95": 48.548345000000154,
        "min": 33.74946500000078,
        "max": 48.548345000000154
      }
    },
    "Vue 3": {
      "initial-render": {
        "median": 0.5581659999999999,
        "mean": 0.6039956000000075,
        "p95": 0.7165360000000192,
        "min": 0.541673000000003,
        "max": 0.7165360000000192
      },
      "create-1000": {
        "median": 52.54609399999998,
        "mean": 51.92778979999999,
        "p95": 56.419348000000014,
        "min": 48.184312999999975,
        "max": 56.419348000000014
      },
      "replace-1000": {
        "median": 45.74820799999998,
        "mean": 49.61072979999999,
        "p95": 67.09149400000001,
        "min": 34.89574399999992,
        "max": 67.09149400000001
      },
      "partial-update": {
        "median": 3.314946000000191,
        "mean": 3.4499118000000637,
        "p95": 5.115064999999959,
        "min": 2.646605000000136,
        "max": 5.115064999999959
      },
      "delete-every-10th": {
        "median": 3.572977999999921,
        "mean": 3.712404400000014,